<?xml version="1.0" encoding="UTF-8"?>
<configuration scan="true" scanPeriod="30 seconds">

    <appender name="CONSOLE" class="ch.qos.logback.core.ConsoleAppender">
        <encoder>
            <pattern> %d{yyyy-MM-dd HH:mm:ss.SSS} %highlight(%-5level) %magenta(%-4relative) --- [ %thread{10} ] %cyan(%logger{20}) : %msg%n </pattern>
        </encoder>
    </appender>

    <appender name="FILE" class="ch.qos.logback.core.rolling.RollingFileAppender">
        <file>labatory.log</file>
        <rollingPolicy class="ch.qos.logback.core.rolling.TimeBasedRollingPolicy">
            <fileNamePattern>labatory.%d{yyyy-MM-dd}.log</fileNamePattern>
            <maxHistory>30</maxHistory>
        </rollingPolicy>

        <encoder>
            <pattern>%d{yyyy-MM-dd HH:mm:ss.SSS} %-5level %-4relative --- [ %thread{10} ] %logger{35} - %msg%n</pattern>
        </encoder>
    </appender>

    <logger name="org.springframework" level="info"/>
    <logger name="org.hibernate" level="debug"/>

    <root level="debug">
        <appender-ref ref="CONSOLE"/> <!-- Console에 로그를 출력하고자 할 때 사용 -->
        <appender-ref ref="FILE"/> <!-- File로 로그를 남기고자 할 때 사용 -->
    </root>

</configuration>