<?xml version="1.0" encoding="UTF-8"?>
<!DOCTYPE mapper
  PUBLIC "-//mybatis.org//DTD Mapper 3.0//EN"
  "https://mybatis.org/dtd/mybatis-3-mapper.dtd">
  
 <!-- systemMapper.xml -->
 
<mapper namespace="com.itwillbs.mapper.systemMapper">

<!--  <resultMap type="com.itwillbs.domain.CommonVO" id="CommonVO">
 	<result property="group_id" column="group_id"/>
 	<result property="group_name" column="group_name"/>
 	<result property="code_id" column="code_id"/>
 	<result property="code_name" column="code_name"/>
 	<result property="sortorder" column="sortorder"/>
 	<result property="active" column="active"/>
 </resultMap>
 -->
 <select id="test" resultType="String">
 	select now()
 </select>
 <insert id="insertCommons">
 	insert into COMMON_CODE (group_id, group_name, code_id, code_name, sortorder, active) 
 	values (#{group_id}, #{group_name}, #{code_id}, #{code_name}, #{sortorder}, #{active})
 </insert>
 <select id="selectCommons" resultType="CommonVO">
 	select * from COMMON_CODE order by group_id, sortorder
 </select>
 <select id="selectOneCommon" resultType="CommonVO">
 	select * from COMMON_CODE where group_id = #{group_id} and code_id = #{code_id}
 </select>
 <update id="updateOneCommon">
 	update COMMON_CODE set group_id = #{group_id}, group_name = #{group_name}, code_id = #{code_id}, 
 	code_name = #{code_name}, sortorder = #{sortorder}, active = #{active}
 </update>
</mapper>